isDGA,host,subclass
dga,increaseinside.net,suppobox
dga,wouldinstead.net,suppobox
dga,rememberinstead.net,suppobox
dga,wouldexplain.net,suppobox
dga,rememberexplain.net,suppobox
dga,wouldbright.net,suppobox
dga,rememberbright.net,suppobox
dga,wouldinside.net,suppobox
dga,rememberinside.net,suppobox
dga,journeyready.net,suppobox
dga,husbandready.net,suppobox
dga,journeybrown.net,suppobox
dga,husbandbrown.net,suppobox
dga,journeypeople.net,suppobox
dga,husbandpeople.net,suppobox
dga,journeydaughter.net,suppobox
dga,husbanddaughter.net,suppobox
dga,destroyready.net,suppobox
dga,littleready.net,suppobox
dga,destroybrown.net,suppobox
dga,littlebrown.net,suppobox
dga,destroypeople.net,suppobox
dga,littlepeople.net,suppobox
dga,destroydaughter.net,suppobox
dga,littledaughter.net,suppobox
dga,riddenready.net,suppobox
dga,belongready.net,suppobox
dga,riddenbrown.net,suppobox
dga,belongbrown.net,suppobox
dga,riddenpeople.net,suppobox
dga,belongpeople.net,suppobox
dga,riddendaughter.net,suppobox
dga,belongdaughter.net,suppobox
dga,chairready.net,suppobox
dga,thoseready.net,suppobox
dga,chairbrown.net,suppobox
dga,thosebrown.net,suppobox
dga,chairpeople.net,suppobox
dga,thosepeople.net,suppobox
dga,chairdaughter.net,suppobox
dga,thosedaughter.net,suppobox
dga,withinready.net,suppobox
dga,sufferready.net,suppobox
dga,withinbrown.net,suppobox
dga,sufferbrown.net,suppobox
dga,withinpeople.net,suppobox
dga,sufferpeople.net,suppobox
dga,withindaughter.net,suppobox
dga,sufferdaughter.net,suppobox
dga,effortready.net,suppobox
dga,throughready.net,suppobox
dga,effortbrown.net,suppobox
dga,throughbrown.net,suppobox
dga,effortpeople.net,suppobox
dga,throughpeople.net,suppobox
dga,effortdaughter.net,suppobox
dga,throughdaughter.net,suppobox
dga,forgetready.net,suppobox
dga,increaseready.net,suppobox
dga,forgetbrown.net,suppobox
dga,increasebrown.net,suppobox
dga,forgetpeople.net,suppobox
dga,increasepeople.net,suppobox
dga,forgetdaughter.net,suppobox
dga,increasedaughter.net,suppobox
dga,wouldready.net,suppobox
dga,rememberready.net,suppobox
dga,wouldbrown.net,suppobox
dga,rememberbrown.net,suppobox
dga,wouldpeople.net,suppobox
dga,rememberpeople.net,suppobox
dga,woulddaughter.net,suppobox
dga,rememberdaughter.net,suppobox
dga,journeynation.net,suppobox
dga,husbandnation.net,suppobox
dga,journeysoldier.net,suppobox
dga,husbandsoldier.net,suppobox
dga,journeyplease.net,suppobox
dga,husbandplease.net,suppobox
dga,journeycondition.net,suppobox
dga,husbandcondition.net,suppobox
dga,destroynation.net,suppobox
dga,littlenation.net,suppobox
dga,destroysoldier.net,suppobox
dga,littlesoldier.net,suppobox
dga,sickhurry.net,suppobox
dga,cloudhope.net,suppobox
dga,darkhope.net,suppobox
dga,cloudleft.net,suppobox
dga,darkleft.net,suppobox
dga,cloudthirteen.net,suppobox
dga,darkthirteen.net,suppobox
dga,cloudhurry.net,suppobox
dga,darkhurry.net,suppobox
dga,milkwild.net,suppobox
dga,triedwild.net,suppobox
dga,milkjune.net,suppobox
dga,triedjune.net,suppobox
dga,milkbegan.net,suppobox
dga,triedbegan.net,suppobox
dga,milkkind.net,suppobox
dga,triedkind.net,suppobox
dga,withwild.net,suppobox
dga,dutywild.net,suppobox
dga,withjune.net,suppobox
dga,dutyjune.net,suppobox
dga,withbegan.net,suppobox
dga,dutybegan.net,suppobox
dga,withkind.net,suppobox
dga,dutykind.net,suppobox
dga,thesewild.net,suppobox
dga,sightwild.net,suppobox
dga,thesejune.net,suppobox
dga,sightjune.net,suppobox
dga,thesebegan.net,suppobox
dga,sightbegan.net,suppobox
dga,thesekind.net,suppobox
dga,sightkind.net,suppobox
dga,casewild.net,suppobox
dga,headwild.net,suppobox
dga,casejune.net,suppobox
dga,headjune.net,suppobox
dga,casebegan.net,suppobox
dga,headbegan.net,suppobox
dga,casekind.net,suppobox
dga,headkind.net,suppobox
dga,quickwild.net,suppobox
dga,thenwild.net,suppobox
dga,quickjune.net,suppobox
dga,thenjune.net,suppobox
dga,quickbegan.net,suppobox
dga,thenbegan.net,suppobox
dga,quickkind.net,suppobox
dga,thenkind.net,suppobox
dga,sundaywild.net,suppobox
dga,mostwild.net,suppobox
dga,sundayjune.net,suppobox
dga,mostjune.net,suppobox
dga,sundaybegan.net,suppobox
dga,mostbegan.net,suppobox
dga,sundaykind.net,suppobox
dga,mostkind.net,suppobox
dga,meatwild.net,suppobox
dga,sickwild.net,suppobox
dga,meatjune.net,suppobox
dga,sickjune.net,suppobox
dga,meatbegan.net,suppobox
dga,sickbegan.net,suppobox
dga,meatkind.net,suppobox
dga,sickkind.net,suppobox
dga,cloudwild.net,suppobox
dga,darkwild.net,suppobox
dga,cloudjune.net,suppobox
dga,darkjune.net,suppobox
dga,cloudbegan.net,suppobox
dga,darkbegan.net,suppobox
dga,cloudkind.net,suppobox
dga,darkkind.net,suppobox
dga,milkboat.net,suppobox
dga,triedboat.net,suppobox
dga,milkpress.net,suppobox
dga,triedpress.net,suppobox
dga,milkrest.net,suppobox
dga,triedrest.net,suppobox
dga,milkopen.net,suppobox
dga,triedopen.net,suppobox
dga,withboat.net,suppobox
dga,dutyboat.net,suppobox
dga,withpress.net,suppobox
dga,dutypress.net,suppobox
dga,mariabellachauncey.net,suppobox
dga,alexandrinagretchen.net,suppobox
dga,mariabellagretchen.net,suppobox
dga,alexandrinacalanthe.net,suppobox
dga,mariabellacalanthe.net,suppobox
dga,alexandrinaashleigh.net,suppobox
dga,mariabellaashleigh.net,suppobox
dga,bartholomewchauncey.net,suppobox
dga,willoughbychauncey.net,suppobox
dga,bartholomewgretchen.net,suppobox
dga,willoughbygretchen.net,suppobox
dga,bartholomewcalanthe.net,suppobox
dga,willoughbycalanthe.net,suppobox
dga,bartholomewashleigh.net,suppobox
dga,willoughbyashleigh.net,suppobox
dga,christianachauncey.net,suppobox
dga,dulcibellachauncey.net,suppobox
dga,christianagretchen.net,suppobox
dga,dulcibellagretchen.net,suppobox
dga,christianacalanthe.net,suppobox
dga,dulcibellacalanthe.net,suppobox
dga,christianaashleigh.net,suppobox
dga,dulcibellaashleigh.net,suppobox
dga,washingtonchauncey.net,suppobox
dga,earnestinechauncey.net,suppobox
dga,washingtongretchen.net,suppobox
dga,earnestinegretchen.net,suppobox
dga,washingtoncalanthe.net,suppobox
dga,earnestinecalanthe.net,suppobox
dga,washingtonashleigh.net,suppobox
dga,earnestineashleigh.net,suppobox
dga,sacheverellchauncey.net,suppobox
dga,wilhelminachauncey.net,suppobox
dga,sacheverellgretchen.net,suppobox
dga,wilhelminagretchen.net,suppobox
dga,sacheverellcalanthe.net,suppobox
dga,wilhelminacalanthe.net,suppobox
dga,sacheverellashleigh.net,suppobox
dga,wilhelminaashleigh.net,suppobox
dga,maximillianchauncey.net,suppobox
dga,gwendolinechauncey.net,suppobox
dga,maximilliangretchen.net,suppobox
dga,gwendolinegretchen.net,suppobox
dga,maximilliancalanthe.net,suppobox
dga,gwendolinecalanthe.net,suppobox
dga,maximillianashleigh.net,suppobox
dga,gwendolineashleigh.net,suppobox
dga,beauregardchauncey.net,suppobox
dga,evangelinachauncey.net,suppobox
dga,beauregardgretchen.net,suppobox
dga,evangelinagretchen.net,suppobox
dga,beauregardcalanthe.net,suppobox
dga,evangelinacalanthe.net,suppobox
dga,beauregardashleigh.net,suppobox
dga,evangelinaashleigh.net,suppobox
dga,richardinechauncey.net,suppobox
dga,evangelinechauncey.net,suppobox
dga,richardinegretchen.net,suppobox
dga,evangelinegretchen.net,suppobox
dga,richardinecalanthe.net,suppobox
dga,evangelinecalanthe.net,suppobox
dga,richardineashleigh.net,suppobox
dga,evangelineashleigh.net,suppobox
dga,alexandrinabotwright.net,suppobox
dga,mariabellabotwright.net,suppobox
dga,alexandrinahuddleson.net,suppobox
dga,mariabellahuddleson.net,suppobox
dga,alexandrinaellsworth.net,suppobox
dga,mariabellaellsworth.net,suppobox
dga,alexandrinaalbertson.net,suppobox
dga,mariabellaalbertson.net,suppobox
dga,bartholomewbotwright.net,suppobox
dga,willoughbybotwright.net,suppobox
dga,bartholomewhuddleson.net,suppobox
dga,willoughbyhuddleson.net,suppobox
dga,bartholomewellsworth.net,suppobox
dga,willoughbyellsworth.net,suppobox
dga,bartholomewalbertson.net,suppobox
dga,willoughbyalbertson.net,suppobox
dga,christianabotwright.net,suppobox
dga,dulcibellabotwright.net,suppobox
dga,christianahuddleson.net,suppobox
dga,dulcibellahuddleson.net,suppobox
dga,christianaellsworth.net,suppobox
dga,dulcibellaellsworth.net,suppobox
